{
  "MLModelDescriptionKey" : "Object detector created by Turi Create (version 6.3)",
  "MLModelCreatorDefinedKey" : {
    "version" : "1",
    "training_iterations" : "10000",
    "com.github.apple.turicreate.version" : "6.3",
    "feature" : "image",
    "com.github.apple.os.platform" : "Linux-4.19.104+-x86_64-with-Ubuntu-18.04-bionic",
    "classes" : "10c,10d,10h,10s,2c,2d,2h,2s,3c,3d,3h,3s,4c,4d,4h,4s,5c,5d,5h,5s,6c,6d,6h,6s,7c,7d,7h,7s,8c,8d,8h,8s,9c,9d,9h,9s,Ac,Ad,Ah,As,Jc,Jd,Jh,Js,Kc,Kd,Kh,Ks,Qc,Qd,Qh,Qs",
    "include_non_maximum_suppression" : "True",
    "type" : "object_detector",
    "iou_threshold" : "0",
    "confidence_threshold" : "0",
    "annotations" : "annotations",
    "max_iterations" : "10000",
    "model" : "darknet-yolo"
  }
}